Step,Node,Series,ElapsedTime,Min_EpochTime,Max_EpochTime,Sum_EpochTime,Avg_EpochTime,Min_CPUFrequency,Max_CPUFrequency,Sum_CPUFrequency,Avg_CPUFrequency,Min_CPUTime,Max_CPUTime,Sum_CPUTime,Avg_CPUTime,Min_CPUUtilization,Max_CPUUtilization,Sum_CPUUtilization,Avg_CPUUtilization,Min_RSS,Max_RSS,Sum_RSS,Avg_RSS,Min_VMSize,Max_VMSize,Sum_VMSize,Avg_VMSize,Min_Pages,Max_Pages,Sum_Pages,Avg_Pages,Min_ReadMB,Max_ReadMB,Sum_ReadMB,Avg_ReadMB,Min_WriteMB,Max_WriteMB,Sum_WriteMB,Avg_WriteMB
-4,r3117156-n136082,0,57621,1614916744,1614974365,9308546202067,1614945558.998439,3363,3363,19384332,3363.0,0.0,0.0,0.0,0.0,0.0,0.0,0.0,0.0,816,2208,4704816,816.241499,7776,168340,44981428,7803.85635,0,0,0,0.0,0.0,0.0018579999999999998,0.0018579999999999998,0.0,0.0,0.0022429999999999998,0.0022429999999999998,0.0
batch,r3117156-n136082,0,57621,1614916744,1614974365,9308546202067,1614945558.998439,0,3455,1219743,211.61398300000002,0.0,16.73,56103.62,9.733452,0.0,167.3,561036.2,97.334525,4812,3944420,21486850360,3727767.238029,199024,17876404,102896606752,17851597.285219,0,0,0,0.0,0.0,1742.4489989999997,1742.4489989999997,0.302299,0.0,218.386616,7207.881286,1.2505
